ID,year,model,brand,AmountSold
1,2008,cruiser,toyota,274117
2,2011,se,ford,190552
3,2018,mpv,dodge,39590
4,2014,door,ford,64146
5,2018,1500,chevrolet,6654
6,2018,mpv,dodge,45561
7,2010,pk,chevrolet,149050
8,2017,door,gmc,23525
9,2018,malibu,chevrolet,9371
10,2017,mpv,ford,63418
11,2009,coupe,dodge,107856
12,2017,mpv,gmc,39650
13,2018,1500,chevrolet,22909
14,2017,wagon,chrysler,138650
15,2013,door,ford,100757
16,2017,door,gmc,25747
17,2018,forte,kia,46194
18,2018,encore,buick,20002
19,2017,mpv,ford,35714
20,2013,door,ford,54380
21,2017,door,gmc,30114
22,2018,forte,kia,38823
23,2015,door,chevrolet,61578
24,2017,mpv,ford,46010
25,2013,door,ford,105510
26,2017,door,gmc,28040
27,2020,sorento,kia,11451
28,2014,door,buick,31039
29,2017,doors,ford,44174
30,2008,chassis,ford,93698
31,2017,door,gmc,26364
32,2016,q70,infiniti,71967
33,1973,camaro,chevrolet,46226
34,2017,mpv,ford,37792
35,2003,convertible,ford,58817
36,2017,door,gmc,27965
37,2016,vans,mercedes-benz,110907
38,2018,1500,chevrolet,2430
39,2017,mpv,ford,32366
40,2003,pk,ford,176567
41,2017,door,gmc,30049
42,2016,vans,mercedes-benz,97983
43,2018,1500,chevrolet,30442
44,2017,mpv,ford,38123
45,2017,srw,ford,15273
46,2017,door,gmc,28972
47,2019,compass,jeep,30061
48,2017,malibu,chevrolet,18414
49,2017,mpv,dodge,46829
50,2017,srw,ford,26241
51,2017,mpv,gmc,39886
52,2019,compass,jeep,31594
53,2017,enclave,buick,32107
54,2017,mpv,ford,44794
55,2019,300,chrysler,42648
56,2017,mpv,gmc,39165
57,2019,cherokee,jeep,38355
58,2017,door,buick,46766
59,2020,pacifica,chrysler,2473
60,2019,300,chrysler,38586
61,2017,door,gmc,27842
62,2019,cherokee,jeep,31156
63,2017,door,chevrolet,52435
64,2017,door,ford,29942
65,2019,pacifica,chrysler,25281
66,2017,door,gmc,32504
67,2019,cherokee,jeep,28649
68,2017,door,chevrolet,35200
69,2017,door,ford,25602
70,2019,300,chrysler,34801
71,2017,door,gmc,31009
72,2019,compass,jeep,35595
73,2017,x3,bmw,23765
74,2017,door,ford,31792
75,2019,300,chrysler,33135
76,2017,door,gmc,30636
77,2019,compass,jeep,34502
78,2017,door,buick,25434
79,2017,door,ford,36732
80,2019,300,chrysler,41792
81,2017,door,gmc,31992
82,2019,compass,jeep,32501
83,2017,camaro,chevrolet,28395
84,2017,door,ford,36139
85,2016,door,ford,84413
86,2017,door,gmc,33457
87,2019,compass,jeep,29245
88,2017,equinox,chevrolet,12783
89,2017,door,ford,17617
90,2016,door,ford,36855
91,2017,door,ford,110316
92,2015,door,chrysler,88227
93,2017,door,bmw,17626
94,2017,door,ford,120353
95,2015,challenger,dodge,3641
96,2017,m,bmw,29355
97,2017,door,ford,39333
98,2015,door,ford,42930
99,2017,colorado,chevrolet,24993
100,2017,mpv,ford,44929
101,2018,focus,ford,16971
102,2017,door,cadillac,35598
103,2017,mpv,ford,40455
104,2018,focus,ford,23164
105,2017,door,cadillac,19011
106,2017,mpv,ford,45191
107,2018,focus,ford,21405
108,2017,malibu,chevrolet,19117
109,2017,door,ford,42104
110,2018,durango,dodge,49496
111,2017,door,cadillac,32418
112,2017,mpv,ford,29882
113,2018,escape,ford,34819
114,2017,1500,chevrolet,31923
115,2017,mpv,ford,29168
116,2018,charger,dodge,28307
117,2017,colorado,chevrolet,33791
118,2017,door,ford,21770
119,2017,pacifica,chrysler,18375
120,2017,colorado,chevrolet,14158
121,2017,mpv,ford,30318
122,2017,door,ford,48086
123,2017,door,cadillac,26562
124,2017,explorer,ford,57611
125,2017,colorado,chevrolet,47357
126,2017,door,ford,84916
127,2017,f-150,ford,24521
128,2018,3500,chevrolet,16105
129,2017,mpv,ford,35888
130,2017,caravan,dodge,59537
131,2017,1500,chevrolet,55222
132,2018,mpv,dodge,32870
133,2017,door,chevrolet,39687
134,2018,mpv,dodge,47085
135,2017,van,chrysler,32224
136,2017,1500,chevrolet,51293
137,2018,mpv,dodge,42989
138,2017,300,chrysler,31311
139,2017,1500,chevrolet,46091
140,2016,dart,dodge,49033
141,2018,mpv,dodge,33957
142,2008,van,dodge,177948
143,2017,2500,chevrolet,19845
144,2018,doors,dodge,38910
145,2014,door,dodge,123660
146,2017,1500,chevrolet,31234
147,2018,doors,dodge,36767
148,2015,esv,cadillac,57932
149,2018,mpv,dodge,19420
150,2014,cutaway,ford,204155
151,2016,1500,chevrolet,93493
152,2018,doors,chrysler,20942
153,2016,door,ford,86826
154,2015,door,chevrolet,45787
155,2018,mpv,dodge,50765
156,2016,explorer,ford,62774
157,2011,door,chevrolet,76326
158,2018,mpv,dodge,39029
159,2016,el,ford,72885
160,2016,door,cadillac,46467
161,2018,mpv,dodge,6743
162,2016,edge,ford,33514
163,2016,series,bmw,39917
164,2018,doors,dodge,32504
165,2016,door,ford,77638
166,2016,series,bmw,31727
167,2018,doors,dodge,52966
168,2016,flex,ford,24157
169,2016,door,buick,51393
170,2018,doors,dodge,35461
171,2014,door,ford,47055
172,2016,series,bmw,33110
173,2018,mpv,dodge,39721
174,2014,door,ford,75785
175,2016,1500,chevrolet,33624
176,2017,door,ford,42289
177,2014,door,ford,79422
178,2016,door,chevrolet,28844
179,2017,door,ford,66582
180,2015,door,ford,61436
181,2016,door,chevrolet,58303
182,2017,mpv,ford,55618
183,2009,van,chevrolet,261648
184,2016,door,chevrolet,33045
185,2017,door,ford,40747
186,2002,pk,dodge,185460
187,2016,srx,cadillac,26667
188,2017,door,ford,37176
189,2000,door,chrysler,231240
190,2016,colorado,chevrolet,18006
191,2017,door,ford,72445
192,2014,door,ford,123355
193,2016,1500,chevrolet,44116
194,2017,door,ford,60219
195,2011,door,ford,135077
196,2016,door,chevrolet,32058
197,2017,mpv,ford,76858
198,2011,cab,ford,309564
199,2016,door,chevrolet,33928
200,2017,wagon,ford,90618
201,2001,pickup,dodge,109360
202,2016,door,chevrolet,71809
203,2017,doors,ford,31563
204,2005,pickup,dodge,219823
205,2018,malibu,chevrolet,42090
206,2017,door,ford,126523
207,2020,vehicl,chevrolet,7232
208,2017,encore,buick,60171
209,2017,wagon,ford,209915
210,2005,door,chrysler,151815
211,2020,camaro,chevrolet,13826
212,2017,mpv,ford,55854
213,2016,door,ford,45757
214,2020,trax,chevrolet,16545
215,2017,door,ford,112893
216,2016,door,ford,126802
217,2020,tahoe,chevrolet,13303
218,2017,door,ford,34061
219,2015,door,ford,70251
220,2020,tahoe,chevrolet,13679
221,2017,doors,ford,42426
222,2012,door,dodge,66452
223,2020,trax,chevrolet,18221
224,2017,mpv,ford,41455
225,2011,door,dodge,35275
226,2020,tahoe,chevrolet,13885
227,2017,door,ford,38815
228,2011,door,dodge,162281
229,2013,door,chevrolet,56479
230,2017,doors,ford,61027
231,2014,van,ford,178703
232,2014,3500,chevrolet,173469
233,2017,door,ford,37321
234,2014,door,ford,112789
235,2011,door,bmw,80394
236,2016,door,ford,68142
237,2014,door,dodge,74203
238,2018,2500,chevrolet,57604
239,2016,van,dodge,87229
240,2012,door,ford,90711
241,2018,suburban,chevrolet,11135
242,2016,mpv,ford,66781
243,2011,cargo,ford,190994
244,2018,2500,chevrolet,56007
245,2016,mpv,ford,32486
246,2011,door,ford,195908
247,2018,equinox,chevrolet,18020
248,2016,mpv,dodge,83262
249,2008,pickup,ford,62015
250,2017,equinox,chevrolet,36421
251,2016,door,ford,73321
252,2008,chassis,ford,132379
253,2017,equinox,chevrolet,28013
254,2016,mpv,ford,33291
255,2005,chassis,ford,225236
256,2016,door,chevrolet,43176
257,2016,mpv,ford,36876
258,2006,pickup,dodge,111782
259,2017,door,chevrolet,110489
260,2016,door,ford,84035
261,2012,door,ford,131101
262,2018,1500,chevrolet,52521
263,2016,door,ford,101380
264,2003,van,ford,142027
265,2016,door,ford,111476
266,2011,drw,ford,76897
267,2019,malibu,chevrolet,15780
268,2016,door,ford,31944
269,2019,fiesta,ford,18937
270,2019,van,chevrolet,9706
271,2016,doors,ford,57289
272,2019,fiesta,ford,19956
273,2019,van,chevrolet,6075
274,2016,door,ford,21034
275,2019,fiesta,ford,22881
276,2013,door,chevrolet,167600
277,2016,door,ford,37252
278,2019,challenger,dodge,10944
279,2019,impala,chevrolet,27601
280,2019,doors,ford,15958
281,2019,durango,dodge,32251
282,2019,impala,chevrolet,25809
283,2017,cab,ford,30553
284,2019,durango,dodge,26549
285,2007,door,dodge,160528
286,2000,door,ford,124969
287,2019,doors,ford,15854
288,2017,door,hyundai,56690
289,2013,door,kia,97142
290,2019,mpv,jeep,10185
291,2009,door,mazda,117541
292,2019,soul,kia,23514
293,2017,sorento,kia,86959
294,1998,pickup,chevrolet,258631
295,2017,door,ford,67279
296,2019,doors,ford,16482
297,2017,elantra,hyundai,35687
298,2003,door,honda,152608
299,2019,mpv,jeep,17911
300,2019,mpv,infiniti,21278
301,2011,door,chevrolet,47269
302,2008,door,chevrolet,172102
303,2006,wagon,ford,26914
304,2017,door,ford,67217
305,2017,door,ford,78698
306,2003,door,ford,246065
307,2017,mpv,gmc,41961
308,2019,mpv,jeep,13273
309,2019,mpv,infiniti,31713
310,2004,door,chevrolet,0
311,2003,door,chevrolet,194673
312,2008,pickup,chevrolet,325611
313,2017,f-150,ford,50732
314,1998,van,ford,186855
315,2013,door,ford,94004
316,2017,mpv,gmc,52904
317,2019,mpv,jeep,14195
318,2019,mpv,jeep,43965
319,2009,door,chevrolet,117059
320,2010,pickup,chevrolet,149189
321,2007,door,dodge,112182
322,2017,door,ford,49024
323,1994,chassis,ford,0
324,1997,door,ford,203297
325,2017,mpv,gmc,35821
326,2018,pioneer,heartland,1
327,2019,mpv,infiniti,32611
328,2011,door,chevrolet,105244
329,2008,van,chrysler,164048
330,2017,door,ford,46955
331,1996,door,ford,296860
332,2006,door,ford,203158
333,2017,mpv,gmc,70443
334,2012,trail,heartland,1
335,2019,mpv,infiniti,18229
336,2014,door,chevrolet,87673
337,2018,traverse,chevrolet,42941
338,2007,door,chrysler,104405
339,2017,door,ford,57186
340,2002,door,ford,214800
341,2004,door,ford,236980
342,2017,mpv,gmc,59808
343,2011,country,heartland,1
344,2019,mpv,infiniti,20681
345,2010,door,chevrolet,137422
346,2015,door,ford,102700
347,2017,door,ford,53270
348,2004,door,gmc,235348
349,2017,mpv,gmc,27195
350,2009,sundance,heartland,1
351,2019,doors,jaguar,20849
352,2008,door,chevrolet,159266
353,2015,door,ford,143818
354,2017,f-150,ford,67347
355,2009,pickup,ford,180364
356,2009,door,ford,184889
357,2017,mpv,gmc,117400
358,2010,country,heartland,1
359,2019,mpv,jeep,47798
360,2008,door,chevrolet,130623
361,2015,door,ford,124542
362,2017,door,ford,47129
363,1994,pickup,ford,206162
364,2001,pk,ford,229886
365,2017,mpv,gmc,19490
366,2019,mpv,jeep,12038
367,2019,mpv,hyundai,43536
368,2004,door,chevrolet,308451
369,2015,door,ford,100893
370,2017,door,ford,90304
371,1997,door,ford,146912
372,1998,door,ford,131367
373,2017,mpv,gmc,31394
374,2019,mpv,infiniti,25933
375,2008,door,acura,118250
376,2013,door,bmw,46060
377,2015,door,ford,50593
378,2017,door,ford,62387
379,2009,door,gmc,169634
380,2016,van,honda,72527
381,2016,road/street,harley-davidson,9502
382,2010,door,honda,217290
383,2019,mpv,infiniti,17243
384,2007,door,chevrolet,194903
385,2015,door,ford,82899
386,2017,door,ford,76418
387,2003,door,gmc,138441
388,2006,pickup,ford,240740
389,2016,mpv,honda,71404
390,2019,doors,hyundai,30382
391,2009,door,acura,179389
392,2000,coupe,cadillac,105169
393,2015,door,ford,82534
394,2017,door,ford,55732
395,2010,door,ford,198596
396,1998,door,ford,300021
397,2015,door,honda,83623
398,2014,door,jeep,108895
399,1999,door,jeep,226972
400,2020,series,bmw,7509
401,2006,door,buick,137464
402,2014,series,bmw,33542
403,2015,door,ford,74754
404,2017,door,ford,27661
405,2010,door,ford,115241
406,1984,door,ford,41577
407,2015,van,honda,109027
408,2014,door,jeep,72732
409,2001,door,jeep,126400
410,2008,door,audi,177422
411,1995,door,chevrolet,274706
412,2008,coupe,bmw,77984
413,2017,series,bmw,23177
414,2015,door,ford,26911
415,2019,srw,ford,21527
416,2014,door,ford,56461
417,2015,door,honda,95128
418,2014,doors,hyundai,122975
419,2014,doors,honda,162824
420,2008,wagon,kia,148463
421,2005,door,audi,181896
422,2000,door,bmw,216657
423,2012,door,gmc,140339
424,2019,mpv,infiniti,26786
425,2019,doors,hyundai,35623
426,2019,nautilus,lincoln,14541
427,2020,gx,lexus,8186
428,2018,doors,nissan,36739
429,2017,mpv,nissan,42616
430,2017,q5,audi,65833
431,2008,coupe,chevrolet,123515
432,2015,door,cadillac,36122
433,2011,door,chevrolet,88359
434,2017,f-150,ford,35905
435,2017,door,ford,35747
436,2004,door,ford,167011
437,2012,door,gmc,105020
438,2019,mpv,infiniti,11047
439,2019,doors,hyundai,31233
440,2019,gle,mercedes-benz,19427
441,2017,sportage,kia,71991
442,2018,doors,nissan,29043
443,2017,doors,nissan,36064
444,2008,coupe,chevrolet,270080
445,2015,5,audi,47213
446,2011,door,ford,116480
447,2017,door,ford,72084
448,2001,pickup,ford,295780
449,2011,door,gmc,148035
450,2019,mpv,infiniti,11396
451,2019,mpv,hyundai,33785
452,2018,sport,land,20103
453,2018,discovery,land,32387
454,2018,doors,mercedes-benz,48140
455,2017,doors,nissan,34861
456,2006,door,chevrolet,268040
457,2011,door,chrysler,114119
458,2017,f-150,ford,34165
459,2018,door,gmc,27442
460,2011,door,gmc,144792
461,2019,mpv,infiniti,11394
462,2019,mpv,jeep,30546
463,2018,sport,land,23745
464,2015,door,hyundai,88274
465,2018,doors,nissan,38349
466,2017,doors,nissan,30142
467,2007,door,chevrolet,267834
468,2014,door,bmw,44730
469,2011,cab,chevrolet,92476
470,2017,f-150,ford,25698
471,2010,pk,ford,155242
472,2018,acadia,gmc,54332
473,2011,cab,gmc,119215
474,2019,mpv,jeep,8930
475,2019,mpv,jeep,46985
476,2018,sport,land,30220
477,2017,ghibli,maserati,37021
478,2018,doors,nissan,43152
479,2017,doors,nissan,34318
480,2011,door,chevrolet,88287
481,2011,door,chevrolet,105486
482,2017,door,ford,19850
483,2014,door,ford,116535
484,2019,1500,gmc,15777
485,2009,mpv,gmc,87448
486,2019,mpv,jeep,8395
487,2019,mpv,hyundai,30121
488,2018,glc,mercedes-benz,33687
489,2017,e-class,mercedes-benz,37561
490,2018,cab,nissan,32256
491,2012,truck,peterbilt,902041
492,2017,doors,nissan,25255
493,2006,van,chevrolet,165327
494,2006,cutaway,chevrolet,118009
495,2011,utility,chevrolet,114547
496,2017,f-150,ford,18647
497,1996,pickup,ford,252588
498,2019,limited,gmc,16669
499,2017,doors,honda,47970
500,2019,mpv,jeep,12905
501,2019,mpv,jeep,22123
502,2018,gle,mercedes-benz,40780
503,2017,sl-class,mercedes-benz,25302
504,2017,mpv,lexus,36596
505,2012,truck,peterbilt,0
506,2017,door,ram,30421
507,2012,door,chevrolet,134938
508,2005,door,chevrolet,135675
509,2015,door,dodge,17355
510,2017,door,ford,27773
511,2010,door,ford,86841
512,2017,mpv,gmc,58366
513,2019,mpv,jeep,11229
514,2019,mpv,hyundai,27492
515,2005,door,lincoln,89705
516,2016,mpv,nissan,41654
517,2009,truck,peterbilt,982486
518,2017,doors,nissan,31954
519,2008,door,chevrolet,172102
520,2004,pickup,chevrolet,173321
521,2015,door,dodge,93423
522,2017,f-150,ford,14053
523,2008,door,ford,145483
524,2017,door,honda,25956
525,2019,mpv,jeep,12253
526,2019,doors,hyundai,34895
527,2016,cx-3,mazda,47753
528,2016,door,kia,39408
529,2010,truck,peterbilt,1017936
530,2017,doors,nissan,33599
531,2003,door,chevrolet,194673
532,2003,pickup,chevrolet,507985
533,2010,door,ford,185983
534,2017,door,ford,28464
535,2007,door,ford,154989
536,2017,doors,honda,16702
537,2019,mpv,jeep,11449
538,2019,mpv,hyundai,25847
539,2015,door,mercedes-benz,49772
540,2015,door,nissan,83915
541,2017,doors,nissan,40306
542,2010,pickup,chevrolet,149189
543,2001,door,chevrolet,149543
544,2010,coupe,chevrolet,69622
545,2017,door,ford,36295
546,1993,door,gmc,0
547,2018,2500hd,gmc,14856
548,2017,mpv,honda,44129
549,2019,mpv,jeep,10861
550,2012,door,hyundai,142106
551,2015,door,mercedes-benz,82411
552,2015,door,hyundai,111612
553,2017,doors,nissan,35251
554,2017,door,chevrolet,50408
555,2019,f-150,ford,15630
556,2017,door,chevrolet,53273
557,2019,f-150,ford,14786
558,2017,door,chevrolet,85315
559,2019,f-150,ford,16146
560,2017,door,chevrolet,76211
561,2019,f-150,ford,15265
562,2017,door,chevrolet,79965
563,2019,f-150,ford,16059
564,2017,door,chevrolet,62739
565,2019,f-150,ford,15569
566,2017,door,chevrolet,58932
567,2019,f-150,ford,17488
568,2017,door,chevrolet,60733
569,2019,f-150,ford,18550
570,2018,impala,chevrolet,53194
571,2019,f-150,ford,17644
572,2016,van,chevrolet,34454
573,2019,f-150,ford,17684
574,2015,door,chevrolet,83279
575,2019,f-150,ford,16600
576,2015,door,chevrolet,107971
577,2019,f-150,ford,17801
578,2015,colorado,chevrolet,94150
579,2019,f-150,ford,17159
580,2015,van,chevrolet,80711
581,2019,f-150,ford,17983
582,2013,door,chevrolet,119981
583,2019,f-150,ford,17851
584,2013,sonic,chevrolet,66079
585,2019,f-150,ford,18174
586,2019,sonic,chevrolet,7654
587,2019,f-150,ford,18759
588,2019,colorado,chevrolet,11564
589,2019,f-150,ford,18901
590,2016,door,chevrolet,86541
591,2019,f-150,ford,21157
592,2015,corvette,chevrolet,29937
593,2019,f-150,ford,23964
594,2015,door,chevrolet,58504
595,2019,f-150,ford,20154
596,2014,mdx,acura,63500
597,2019,f-150,ford,23294
598,2016,series,bmw,24293
599,2019,f-150,ford,20343
600,2016,encore,buick,19655
601,2019,f-150,ford,19100
602,2019,f-150,ford,20014
603,2019,f-150,ford,21774
604,2019,f-150,ford,21201
605,2019,f-150,ford,21766
606,2019,enclave,buick,12406
607,2019,flex,ford,17977
608,2019,flex,ford,22805
609,2019,xt5,cadillac,16013
610,2019,flex,ford,14382
611,2019,flex,ford,9660
612,2019,flex,ford,18969
613,2019,f-150,ford,24730
614,2019,flex,ford,15847
615,2019,f-150,ford,25009
616,2017,series,bmw,22115
617,2019,flex,ford,11836
618,2017,door,buick,23765
619,2019,f-150,ford,25508
620,2019,flex,ford,18196
621,2019,flex,ford,16106
622,2017,door,buick,14907
623,2019,fusion,ford,12735
624,2017,sorento,kia,53424
625,2017,door,buick,17940
626,2019,flex,ford,17417
627,2017,door,kia,37125
628,2017,x3,bmw,61428
629,2019,flex,ford,17025
630,2017,sorento,kia,37668
631,2019,fusion,ford,15805
632,2017,sorento,kia,43761
633,2019,mustang,ford,11342
634,2017,equinox,chevrolet,35664
635,2017,cutaway,chevrolet,12780
636,2017,door,chevrolet,38458
637,2017,door,chevrolet,34420
638,2017,door,chevrolet,46497
639,2017,1500,chevrolet,21268
640,2017,1500,chevrolet,31029
641,2017,1500,chevrolet,40878
642,2016,1500,chevrolet,20270
643,2016,door,chevrolet,32984
644,2016,door,chevrolet,75506
645,2016,door,chevrolet,39951
646,2016,corvette,chevrolet,19403
647,2016,corvette,chevrolet,4445
648,2016,malibu,chevrolet,67527
649,2016,door,chevrolet,33588
650,2016,door,chevrolet,10103
651,2016,door,chevrolet,26474
652,2016,door,chevrolet,40253
653,2016,3500,chevrolet,39624
654,2016,door,chevrolet,48705
655,2016,trax,chevrolet,19659
656,2015,door,chevrolet,91299
657,2015,door,chevrolet,81614
658,2020,trax,chevrolet,179
659,2019,1500,chevrolet,5523
660,2019,equinox,chevrolet,29841
661,2019,1500,chevrolet,8516
662,2018,traverse,chevrolet,42941
663,2017,trax,chevrolet,27498
664,2017,1500,chevrolet,31141
665,2017,1500,chevrolet,20784
666,2017,passenger,chevrolet,52667
667,2017,volt,chevrolet,26003
668,2016,corvette,chevrolet,4266
669,2015,door,chevrolet,32332
670,2018,passenger,chevrolet,44333
671,2019,tahoe,chevrolet,36198
672,2019,tahoe,chevrolet,33331
673,2019,suburban,chevrolet,43082
674,2019,camaro,chevrolet,24561
675,2019,van,chevrolet,13485
676,2019,van,chevrolet,15524
677,2019,van,chevrolet,8996
678,2019,malibu,chevrolet,47282
679,2019,suburban,chevrolet,34470
680,2018,colorado,chevrolet,87264
681,2017,2500,chevrolet,114344
682,2017,2500,chevrolet,111635
683,2017,1500,chevrolet,103955
684,2016,door,chevrolet,66640
685,2014,door,chevrolet,122018
686,2018,tahoe,chevrolet,46915
687,2018,malibu,chevrolet,53599
688,2018,1500,chevrolet,41672
689,2018,malibu,chevrolet,36047
690,2018,spark,chevrolet,42561
691,2018,1500,chevrolet,40345
692,2018,malibu,chevrolet,41751
693,2016,door,chevrolet,27593
694,2017,door,chevrolet,24009
695,2017,1500,chevrolet,85697
696,2019,equinox,chevrolet,25223
697,2015,door,chevrolet,27927
698,2014,door,chevrolet,135127
699,2018,2500,chevrolet,55532
700,2019,2500,chevrolet,72172
701,2018,2500,chevrolet,57751
702,2013,door,chevrolet,96314
703,2013,door,chevrolet,89152
704,2014,door,chevrolet,114660
705,2014,1500,chevrolet,177322
706,2019,1500,chevrolet,36423
707,2019,van,chevrolet,23759
708,2013,door,chevrolet,120667
709,2017,colorado,chevrolet,65344
710,2018,suburban,chevrolet,51347
711,2017,volt,chevrolet,52322
712,2017,door,chevrolet,67620
713,2017,1500,chevrolet,59965
714,2017,1500,chevrolet,28739
715,2016,trax,chevrolet,77429
716,2017,1500,chevrolet,20847
717,2016,trax,chevrolet,44280
718,2016,door,chevrolet,86031
719,2019,equinox,chevrolet,7622
720,2019,traverse,chevrolet,8067
721,2018,trax,chevrolet,16502
722,2019,1500,chevrolet,20681
723,2016,door,chevrolet,54655
724,2016,door,chevrolet,57825
725,2016,door,chevrolet,58856
726,2015,colorado,chevrolet,85072
727,2015,door,chevrolet,79506
728,2015,door,chevrolet,85301
729,2015,1500,chevrolet,69377
730,2020,equinox,chevrolet,15577
731,2020,traverse,chevrolet,23470
732,2020,impala,chevrolet,18715
733,2012,cruze,chevrolet,61258
734,2012,door,chevrolet,131791
735,2019,suburban,chevrolet,35705
736,2019,suburban,chevrolet,48982
737,2019,ld,chevrolet,33745
738,2019,suburban,chevrolet,42267
739,2019,tahoe,chevrolet,46863
740,2019,suburban,chevrolet,36443
741,2019,impala,chevrolet,14939
742,2019,malibu,chevrolet,22026
743,2019,suburban,chevrolet,38278
744,2019,suburban,chevrolet,46149
745,2018,suburban,chevrolet,48427
746,2018,suburban,chevrolet,48807
747,2018,suburban,chevrolet,52618
748,2018,suburban,chevrolet,46494
749,2018,1500,chevrolet,56296
750,2017,suburban,chevrolet,33909
751,2017,suburban,chevrolet,33028
752,2016,camaro,chevrolet,44653
753,2017,door,chevrolet,80516
754,2017,van,chevrolet,105151
755,2017,van,chevrolet,78368
756,2018,equinox,chevrolet,78956
757,2018,equinox,chevrolet,88564
758,2015,door,chevrolet,78800
759,2012,door,chevrolet,111856
760,2015,door,chevrolet,80946
761,2017,traverse,chevrolet,83168
762,2017,traverse,chevrolet,58606
763,2014,van,chevrolet,82020
764,2014,door,chevrolet,102500
765,2019,van,chevrolet,8150
766,2019,van,chevrolet,6159
767,2019,van,chevrolet,5938
768,2019,van,chevrolet,9019
769,2018,malibu,chevrolet,45836
770,2016,3500,chevrolet,60215
771,2015,tahoe,chevrolet,125507
772,2016,door,chevrolet,90944
773,2015,tahoe,chevrolet,82785
774,2014,1500,chevrolet,150525
775,2013,door,chevrolet,112267
776,2013,door,chevrolet,139394
777,2013,door,chevrolet,82543
778,2019,equinox,chevrolet,13532
779,2018,1500,chevrolet,14751
780,2018,camaro,chevrolet,11150
781,2016,colorado,chevrolet,91248
782,2016,1500,chevrolet,65336
783,2016,1500,chevrolet,48974
784,2016,1500,chevrolet,40011
785,2019,equinox,chevrolet,37444
786,2019,equinox,chevrolet,43199
787,2019,equinox,chevrolet,43589
788,2019,equinox,chevrolet,32870
789,2019,equinox,chevrolet,38826
790,2019,equinox,chevrolet,33739
791,2019,passenger,chevrolet,35309
792,2019,impala,chevrolet,32248
793,2019,impala,chevrolet,36165
794,2019,impala,chevrolet,29922
795,2019,impala,chevrolet,26848
796,2019,impala,chevrolet,41163
797,2017,cruze,chevrolet,32856
798,2017,impala,chevrolet,100315
799,2013,door,chevrolet,91638
800,2015,door,chevrolet,83173
801,2014,door,chevrolet,94356
802,2015,door,chevrolet,85792
803,2014,door,chevrolet,129068
804,2019,ld,chevrolet,27665
805,2019,ld,chevrolet,25427
806,2013,door,chevrolet,78198
807,2020,colorado,chevrolet,13886
808,2019,impala,chevrolet,34538
809,2018,charger,dodge,20575
810,2018,charger,dodge,26026
811,2012,door,dodge,99015
812,2019,caravan,dodge,27327
813,2019,journey,dodge,30229
814,2019,charger,dodge,43294
815,2019,charger,dodge,54309
816,2019,charger,dodge,52822
817,2019,charger,dodge,45554
818,2019,charger,dodge,37538
819,2019,charger,dodge,35153
820,2019,challenger,dodge,23783
821,2019,charger,dodge,30759
822,2019,caravan,dodge,38922
823,2012,door,dodge,165836
824,2019,durango,dodge,19235
825,2019,challenger,dodge,9445
826,2018,journey,dodge,19164
827,2018,caravan,dodge,54106
828,2017,challenger,dodge,32051
829,2017,journey,dodge,14870
830,2016,door,dodge,32294
831,2015,challenger,dodge,7250
832,2015,challenger,dodge,10145
833,2018,journey,dodge,59924
834,2017,charger,dodge,21304
835,2018,caravan,dodge,52079
836,2018,caravan,dodge,54960
837,2013,door,dodge,80099
838,2019,caravan,dodge,23987
839,2017,door,dodge,84144
840,2014,door,dodge,85639
841,2018,caravan,dodge,50193
842,2017,journey,dodge,74392
843,2017,door,dodge,76117
844,2018,challenger,dodge,36358
845,2017,journey,dodge,90685
846,2017,charger,dodge,54141
847,2016,door,dodge,82240
848,2016,door,dodge,66167
849,2012,door,dodge,144220
850,2019,caravan,dodge,24722
851,2019,durango,dodge,41198
852,2019,durango,dodge,26353
853,2019,durango,dodge,28280
854,2012,door,dodge,130120
855,2019,charger,dodge,15340
856,2018,charger,dodge,12265
857,2014,van,dodge,94872
858,2018,charger,dodge,17946
859,2018,charger,dodge,26996
860,2019,journey,dodge,5775
861,2018,challenger,dodge,6748
862,2018,journey,dodge,38128
863,2018,caravan,dodge,41636
864,2018,charger,dodge,5359
865,2015,door,dodge,70296
866,2017,journey,dodge,11346
867,2017,challenger,dodge,7415
868,2013,door,dodge,107593
869,2016,door,dodge,50639
870,2019,challenger,dodge,6530
871,2016,charger,dodge,17432
872,2019,charger,dodge,19636
873,2016,challenger,dodge,41748
874,2016,challenger,dodge,13162
875,2019,caravan,dodge,32937
876,2015,door,dodge,23095
877,2017,journey,dodge,34432
878,2017,caravan,dodge,48162
879,2014,doors,dodge,68310
880,2014,doors,dodge,48000
881,2014,doors,dodge,105962
882,2014,doors,dodge,96575
883,2014,doors,dodge,13239
884,2014,doors,dodge,24934
885,2014,doors,dodge,46859
886,2014,doors,dodge,44468
887,2014,doors,dodge,62230
888,2014,doors,dodge,37082
889,2014,doors,dodge,23964
890,2014,doors,dodge,11204
891,2014,doors,dodge,7608
892,2014,doors,dodge,49982
893,2019,charger,dodge,4950
894,2013,journey,dodge,111628
895,2012,door,dodge,15927
896,2018,caravan,dodge,36299
897,2018,journey,dodge,28469
898,2019,durango,dodge,29086
899,2017,caravan,dodge,35991
900,2017,journey,dodge,62224
901,2013,door,dodge,86500
902,2014,door,dodge,144725
903,2013,van,dodge,163260
904,2018,charger,dodge,19636
905,2018,challenger,dodge,34272
906,2018,challenger,dodge,42909
907,2016,door,dodge,55749
908,2015,door,dodge,89142
909,2017,durango,dodge,20328
910,2012,door,dodge,149332
911,2019,durango,dodge,28551
912,2019,charger,dodge,35098
913,2019,charger,dodge,35365
914,2015,door,dodge,88398
915,2019,challenger,dodge,27957
916,2019,durango,dodge,30161
917,2015,challenger,dodge,26292
918,2019,durango,dodge,25780
919,2019,durango,dodge,25032
920,2016,door,dodge,72248
921,2019,durango,dodge,30630
922,2014,door,dodge,86125
923,2019,durango,dodge,30408
924,2019,durango,dodge,35443
925,2014,van,dodge,95377
926,2019,durango,dodge,32724
927,2019,caravan,dodge,45089
928,2019,journey,dodge,35948
929,2019,caravan,dodge,41601
930,2019,challenger,dodge,26370
931,2019,caravan,dodge,18271
932,2019,caravan,dodge,9476
933,2012,door,dodge,80899
934,2018,caravan,dodge,57394
935,2018,caravan,dodge,42190
936,2019,caravan,dodge,22591
937,2018,caravan,dodge,48681
938,2018,caravan,dodge,42621
939,2017,caravan,dodge,27761
940,2013,door,dodge,107768
941,2019,durango,dodge,14355
942,2019,caravan,dodge,9467
943,2014,door,dodge,122837
944,2019,challenger,dodge,18313
945,2019,challenger,dodge,19506
946,2018,journey,dodge,14750
947,2019,challenger,dodge,11280
948,2019,journey,dodge,13944
949,2016,door,dodge,26922
950,2019,journey,dodge,12690
951,2013,door,dodge,239822
952,2014,door,dodge,74975
953,2019,caravan,dodge,28289
954,2019,caravan,dodge,38041
955,2017,journey,dodge,52386
956,2019,charger,dodge,34391
957,2019,caravan,dodge,39515
958,2019,journey,dodge,22074
959,2019,caravan,dodge,28782
960,2019,durango,dodge,30092
961,2019,challenger,dodge,26443
962,2019,journey,dodge,28981
963,2019,journey,dodge,32865
964,2014,door,dodge,117258
965,2019,durango,dodge,16397
966,2019,caravan,dodge,16176
967,2019,caravan,dodge,1091
968,2019,caravan,dodge,17472
969,2012,door,dodge,123882
970,2019,charger,dodge,10341
971,2019,durango,dodge,19695
972,2017,journey,dodge,51041
973,2018,challenger,dodge,22646
974,2018,journey,dodge,18138
975,2019,durango,dodge,23987
976,2019,durango,dodge,17160
977,2019,durango,dodge,26929
978,2019,durango,dodge,25815
979,2017,caravan,dodge,81992
980,2019,challenger,dodge,5000
981,2015,door,dodge,62683
982,2013,van,dodge,107224
983,2013,door,dodge,184905
984,2019,charger,dodge,35153
985,2019,challenger,dodge,26474
986,2019,charger,dodge,30943
987,2019,challenger,dodge,17154
988,2016,van,dodge,79637
989,2019,caravan,dodge,12123
990,2016,door,dodge,107822
991,2019,caravan,dodge,10221
992,2015,door,dodge,95278
993,2019,challenger,dodge,13457
994,2014,van,dodge,69936
995,2019,challenger,dodge,13520
996,2014,door,dodge,96922
997,2014,door,dodge,72594
998,2019,durango,dodge,17896
999,2019,caravan,dodge,11088
1000,2019,caravan,dodge,29567
1001,2019,durango,dodge,15655
1002,2019,challenger,dodge,26428
1003,2019,charger,dodge,29003
1004,2019,charger,dodge,32229
1005,2019,durango,dodge,26503
1006,2019,challenger,dodge,15446
1007,2014,caravan,dodge,128556
1008,2019,caravan,dodge,23369
1009,2019,caravan,dodge,8767
1010,2019,caravan,dodge,48319
1011,2019,durango,dodge,15275
1012,2019,caravan,dodge,33826
1013,2019,challenger,dodge,16679
1014,2019,charger,dodge,26184
1015,2019,journey,dodge,21203
1016,2019,challenger,dodge,17870
1017,2019,durango,dodge,17909
1018,2019,caravan,dodge,41126
1019,2019,caravan,dodge,14098
1020,2019,durango,dodge,15003
1021,2019,journey,dodge,29105
1022,2019,caravan,dodge,34794
1023,2019,durango,dodge,20034
1024,2019,caravan,dodge,46942
1025,2019,caravan,dodge,14753
1026,2019,caravan,dodge,14359
1027,2019,charger,dodge,34922
1028,2019,journey,dodge,20944
1029,2019,journey,dodge,9877
1030,2019,journey,dodge,8949
1031,2017,challenger,dodge,13627
1032,2019,journey,dodge,18291
1033,2018,journey,dodge,38029
1034,2017,caravan,dodge,32593
1035,2018,caravan,dodge,37352
1036,2017,challenger,dodge,23030
1037,2018,journey,dodge,30671
1038,2012,door,dodge,79544
1039,2017,journey,dodge,15027
1040,2018,caravan,dodge,29115
1041,2015,door,dodge,93604
1042,2015,door,dodge,100203
1043,2019,caravan,dodge,35401
1044,2019,caravan,dodge,20279
1045,2019,durango,dodge,26090
1046,2015,door,dodge,107924
1047,2019,caravan,dodge,14906
1048,2019,caravan,dodge,34407
1049,2019,journey,dodge,18049
1050,2019,caravan,dodge,18132
1051,2013,door,dodge,109176
1052,2019,durango,dodge,25456
1053,2019,caravan,dodge,38375
1054,2017,charger,dodge,39792
1055,2019,caravan,dodge,30403
1056,2019,caravan,dodge,28252
1057,2019,caravan,dodge,31904
1058,2018,caravan,dodge,24336
1059,2019,caravan,dodge,23961
1060,2019,caravan,dodge,22919
1061,2019,durango,dodge,22863
1062,2019,caravan,dodge,38817
1063,2019,caravan,dodge,48854
1064,2019,caravan,dodge,27288
1065,2020,charger,dodge,5284
1066,2016,door,dodge,99988
1067,2013,door,dodge,84109
1068,2012,door,dodge,88539
1069,2013,van,dodge,33739
1070,2012,door,dodge,101017
1071,2019,challenger,dodge,13906
1072,2019,charger,dodge,20601
1073,2013,van,dodge,135561
1074,2019,charger,dodge,23421
1075,2012,van,dodge,145174
1076,2019,durango,dodge,21309
1077,2012,van,dodge,217576
1078,2019,caravan,dodge,10350
1079,2012,door,dodge,157636
1080,2019,durango,dodge,8605
1081,2013,door,dodge,139404
1082,2019,caravan,dodge,10170
1083,2019,durango,dodge,22272
1084,2016,van,dodge,101906
1085,2019,challenger,dodge,27019
1086,2019,durango,dodge,10930
1087,2019,caravan,dodge,73552
1088,2019,caravan,dodge,37107
1089,2013,door,dodge,124247
1090,2019,caravan,dodge,36993
1091,2015,door,dodge,67133
1092,2019,caravan,dodge,33580
1093,2015,door,dodge,94140
1094,2019,journey,dodge,10447
1095,2019,charger,dodge,10229
1096,2019,caravan,dodge,6269
1097,2014,door,dodge,98699
1098,2019,durango,dodge,10631
1099,2019,caravan,dodge,44381
1100,2019,durango,dodge,13960
1101,2019,caravan,dodge,14051
1102,2019,durango,dodge,20800
1103,2019,durango,dodge,8873
1104,2019,durango,dodge,15502
1105,2019,durango,dodge,9669
1106,2018,caravan,dodge,50873
1107,2019,durango,dodge,14117
1108,2019,charger,dodge,46820
1109,2019,durango,dodge,7247
1110,2017,challenger,dodge,40991
1111,2019,durango,dodge,9023
1112,2018,durango,dodge,8047
1113,2019,durango,dodge,3966
1114,2018,caravan,dodge,41014
1115,2018,durango,dodge,20907
1116,2017,durango,dodge,89795
1117,2017,durango,dodge,57158
1118,2013,door,dodge,126718
1119,2013,door,dodge,83976
1120,2018,charger,dodge,12554
1121,2015,door,dodge,60707
1122,2014,door,dodge,40110
1123,2019,caravan,dodge,28038
1124,2019,journey,dodge,26643
1125,2019,durango,dodge,36127
1126,2019,door,dodge,19983
1127,2019,caravan,dodge,29926
1128,2019,durango,dodge,36750
1129,2019,journey,dodge,27312
1130,2019,durango,dodge,49575
1131,2019,challenger,dodge,30279
1132,2019,challenger,dodge,25825
1133,2019,durango,dodge,32474
1134,2019,challenger,dodge,30585
1135,2019,durango,dodge,36203
1136,2019,caravan,dodge,29602
1137,2019,challenger,dodge,28689
1138,2019,durango,dodge,31447
1139,2019,caravan,dodge,39148
1140,2018,journey,dodge,33495
1141,2019,caravan,dodge,35274
1142,2018,caravan,dodge,48745
1143,2019,caravan,dodge,31297
1144,2019,caravan,dodge,38745
1145,2019,caravan,dodge,37704
1146,2017,durango,dodge,27060
1147,2019,caravan,dodge,40002
1148,2019,caravan,dodge,34930
1149,2016,door,dodge,22863
1150,2019,caravan,dodge,36876
1151,2019,caravan,dodge,34264
1152,2019,charger,dodge,17515
1153,2019,caravan,dodge,27071
1154,2019,durango,dodge,14656
1155,2019,caravan,dodge,35652
1156,2019,caravan,dodge,30055
1157,2019,caravan,dodge,43088
1158,2019,caravan,dodge,33641
1159,2019,caravan,dodge,34797
1160,2019,caravan,dodge,43943
1161,2019,caravan,dodge,35744
1162,2019,caravan,dodge,31542
1163,2019,caravan,dodge,26899
1164,2019,journey,dodge,29985
1165,2018,journey,dodge,37009
1166,2019,journey,dodge,30731
1167,2019,journey,dodge,30062
1168,2019,journey,dodge,28295
1169,2019,journey,dodge,25534
1170,2019,journey,dodge,29716
1171,2019,journey,dodge,34294
1172,2019,journey,dodge,27643
1173,2019,journey,dodge,35516
1174,2019,journey,dodge,40674
1175,2019,journey,dodge,32494
1176,2019,journey,dodge,35047
1177,2019,journey,dodge,32898
1178,2015,challenger,dodge,13740
1179,2019,journey,dodge,23132
1180,2019,journey,dodge,37174
1181,2019,journey,dodge,34023
1182,2019,journey,dodge,30021
1183,2017,caravan,dodge,51469
1184,2019,journey,dodge,31237
1185,2019,journey,dodge,30186
1186,2019,journey,dodge,41956
1187,2019,journey,dodge,30727
1188,2017,durango,dodge,38956
1189,2018,charger,dodge,22036
1190,2019,durango,dodge,26462
1191,2019,challenger,dodge,23143
1192,2019,challenger,dodge,17340
1193,2019,charger,dodge,29749
1194,2019,charger,dodge,35248
1195,2018,caravan,dodge,40417
1196,2017,durango,dodge,30309
1197,2018,journey,dodge,42303
1198,2018,journey,dodge,35326
1199,2017,door,ford,92100
1200,2017,door,ford,99375
1201,2017,door,ford,72418
1202,2015,doors,ford,29733
1203,2017,door,ford,119439
1204,2015,doors,ford,54396
1205,2016,door,ford,91606
1206,2015,doors,ford,2807
1207,2017,fusion,ford,78739
1208,2015,doors,ford,71955
1209,2015,doors,ford,48472
1210,2012,door,ford,98470
1211,2015,doors,ford,28937
1212,2015,doors,ford,83693
1213,2014,srw,ford,90888
1214,2012,drw,ford,216942
1215,2015,door,ford,205796
1216,2019,srw,ford,6500
1217,2018,wagon,ford,39943
1218,2020,explorer,ford,5920
1219,2018,fusion,ford,71478
1220,2017,door,ford,119520
1221,2020,fusion,ford,10882
1222,2019,srw,ford,29010
1223,2016,door,ford,69003
1224,2019,srw,ford,16207
1225,2018,mustang,ford,29748
1226,2019,wagon,ford,25582
1227,2019,fusion,ford,24520
1228,2016,door,ford,104383
1229,2019,transit,ford,34164
1230,2020,fusion,ford,6975
1231,2016,van,ford,67150
1232,2015,door,ford,100820
1233,2014,door,ford,142286
1234,2015,door,ford,60015
1235,2013,door,ford,126381
1236,2013,door,ford,128753
1237,2013,door,ford,0
1238,2013,van,ford,64598
1239,2012,door,ford,111532
1240,2012,door,ford,149346
1241,2018,edge,ford,43567
1242,2017,door,ford,36004
1243,2019,f-150,ford,10935
1244,2017,van,ford,150484
1245,2012,door,ford,122014
1246,2019,transit,ford,19363
1247,2016,explorer,ford,42902
1248,2018,f-150,ford,401
1249,2019,transit,ford,11077
1250,2018,f-150,ford,34100
1251,2019,srw,ford,30018
1252,2019,flex,ford,18279
1253,2019,transit,ford,7373
1254,2019,ranger,ford,2590
1255,2019,fusion,ford,41662
1256,2019,flex,ford,15019
1257,2019,transit,ford,9420
1258,2018,taurus,ford,41864
1259,2019,transit,ford,16829
1260,2018,f-150,ford,6290
1261,2019,srw,ford,14393
1262,2018,taurus,ford,14599
1263,2018,f-150,ford,25839
1264,2018,escape,ford,60715
1265,2018,explorer,ford,23350
1266,2018,transit,ford,62386
1267,2018,mustang,ford,6248
1268,2019,mustang,ford,878
1269,2018,transit,ford,49710
1270,2018,mustang,ford,2042
1271,2019,flex,ford,7742
1272,2018,transit,ford,39733
1273,2018,f-150,ford,33701
1274,2014,door,ford,67542
1275,2017,escape,ford,35095
1276,2019,f-150,ford,8652
1277,2017,explorer,ford,51107
1278,2019,transit,ford,14987
1279,2017,edge,ford,28252
1280,2019,transit,ford,16009
1281,2017,door,ford,47866
1282,2019,transit,ford,11004
1283,2017,edge,ford,42895
1284,2019,f-150,ford,9490
1285,2017,door,ford,39027
1286,2019,transit,ford,13466
1287,2019,f-150,ford,8737
1288,2017,door,ford,23960
1289,2019,f-150,ford,5562
1290,2019,transit,ford,13763
1291,2019,f-150,ford,10444
1292,2017,door,ford,41696
1293,2019,transit,ford,15787
1294,2017,door,ford,9167
1295,2019,transit,ford,17541
1296,2017,f-150,ford,24686
1297,2019,transit,ford,15210
1298,2017,transit,ford,54601
1299,2017,mustang,ford,2205
1300,2017,transit,ford,35691
1301,2017,flex,ford,32788
1302,2012,door,ford,180471
1303,2016,edge,ford,42925
1304,2016,edge,ford,37385
1305,2019,edge,ford,15415
1306,2016,door,ford,20047
1307,2019,edge,ford,16884
1308,2016,door,ford,57936
1309,2019,edge,ford,15244
1310,2019,edge,ford,19842
1311,2016,door,ford,38830
1312,2019,f-150,ford,31899
1313,2016,door,ford,69305
1314,2016,door,ford,46098
1315,2019,mustang,ford,29457
1316,2016,edge,ford,30765
1317,2019,mustang,ford,29096
1318,2016,door,ford,40437
1319,2015,cutaway,ford,69004
1320,2015,cutaway,ford,65179
1321,2015,cutaway,ford,75862
1322,2015,cutaway,ford,68319
1323,2015,door,ford,80354
1324,2015,door,ford,51441
1325,2015,cutaway,ford,70954
1326,2014,door,ford,92500
1327,2014,door,ford,66367
1328,2019,f-150,ford,13884
1329,2013,door,ford,202565
1330,2019,f-150,ford,26484
1331,2013,door,ford,703
1332,2019,max,ford,18138
1333,2017,srw,ford,28007
1334,2019,transit,ford,11251
1335,2019,srw,ford,11640
1336,2019,srw,ford,10763
1337,2019,drw,ford,9643
1338,2019,srw,ford,33930
1339,2019,srw,ford,26451
1340,2019,srw,ford,21101
1341,2019,drw,ford,10536
1342,2019,srw,ford,31744
1343,2018,srw,ford,18062
1344,2018,srw,ford,17942
1345,2014,door,ford,43646
1346,2014,energi,ford,71989
1347,2012,door,ford,138328
1348,2013,door,ford,95386
1349,2019,fusion,ford,23740
1350,2019,fusion,ford,36064
1351,2019,f-150,ford,18805
1352,2012,cab,ford,151035
1353,2019,mustang,ford,10099
1354,2018,f-150,ford,9800
1355,2019,mustang,ford,10483
1356,2019,f-150,ford,17544
1357,2019,mustang,ford,10167
1358,2019,ranger,ford,11457
1359,2019,edge,ford,26590
1360,2019,expedition,ford,35346
1361,2019,f-150,ford,12953
1362,2019,edge,ford,26693
1363,2019,f-150,ford,25071
1364,2019,f-150,ford,33538
1365,2019,f-150,ford,9915
1366,2018,fiesta,ford,1
1367,2019,fusion,ford,9910
1368,2019,f-150,ford,16765
1369,2019,expedition,ford,4970
1370,2017,door,ford,43964
1371,2019,f-150,ford,40785
1372,2015,door,ford,108998
1373,2018,max,ford,58576
1374,2018,wagon,ford,55475
1375,2019,drw,ford,35929
1376,2019,srw,ford,21669
1377,2018,mustang,ford,16079
1378,2018,mustang,ford,41147
1379,2018,flex,ford,45798
1380,2018,f-150,ford,21703
1381,2018,explorer,ford,22284
1382,2018,transit,ford,24567
1383,2018,mustang,ford,30594
1384,2018,flex,ford,52747
1385,2018,escape,ford,21592
1386,2018,srw,ford,19853
1387,2018,fiesta,ford,25201
1388,2020,f-150,ford,10351
1389,2020,fusion,ford,1117
1390,2017,door,ford,37279
1391,2017,door,ford,30113
1392,2017,door,ford,27570
1393,2017,flex,ford,45188
1394,2012,door,ford,149712
1395,2017,explorer,ford,25030
1396,2013,door,ford,105743
1397,2020,fusion,ford,9861
1398,2018,fusion,ford,1751
1399,2017,door,ford,30629
1400,2016,door,ford,52883
1401,2020,van,ford,122
1402,2019,srw,ford,28534
1403,2017,f-150,ford,80699
1404,2016,door,ford,72851
1405,2019,srw,ford,24078
1406,2017,door,ford,38639
1407,2013,door,ford,146807
1408,2017,door,ford,31871
1409,2017,f-150,ford,76876
1410,2019,fusion,ford,28070
1411,2017,explorer,ford,3189
1412,2017,el,ford,28359
1413,2017,door,ford,42890
1414,2017,el,ford,29328
1415,2016,door,ford,47531
1416,2015,door,ford,57345
1417,2016,door,ford,67546
1418,2019,expedition,ford,18153
1419,2019,expedition,ford,17689
1420,2012,van,ford,137171
1421,2015,door,ford,63445
1422,2019,edge,ford,26422
1423,2015,door,ford,149319
1424,2019,expedition,ford,18767
1425,2018,fiesta,ford,38289
1426,2019,expedition,ford,22960
1427,2019,max,ford,17263
1428,2019,expedition,ford,16981
1429,2019,wagon,ford,13058
1430,2014,door,ford,45887
1431,2019,escape,ford,21740
1432,2019,wagon,ford,17707
1433,2019,max,ford,19121
1434,2019,wagon,ford,18856
1435,2013,door,ford,84752
1436,2019,max,ford,19555
1437,2019,wagon,ford,16340
1438,2018,f-150,ford,17242
1439,2019,edge,ford,28733
1440,2019,wagon,ford,16019
1441,2016,taurus,ford,75580
1442,2013,door,ford,113444
1443,2019,max,ford,19227
1444,2019,wagon,ford,13633
1445,2015,van,ford,37739
1446,2013,door,ford,103541
1447,2019,expedition,ford,24072
1448,2019,wagon,ford,17657
1449,2014,door,ford,77392
1450,2019,door,ford,11930
1451,2019,expedition,ford,19731
1452,2019,wagon,ford,15581
1453,2014,door,ford,70181
1454,2019,max,ford,16143
1455,2019,max,ford,17995
1456,2019,max,ford,23926
1457,2017,f-150,ford,57929
1458,2019,max,ford,20758
1459,2019,f-150,ford,10028
1460,2019,max,ford,21051
1461,2015,door,ford,136307
1462,2013,bus,ford,105880
1463,2019,max,ford,19985
1464,2015,door,ford,102590
1465,2019,expedition,ford,27612
1466,2015,door,ford,90855
1467,2019,max,ford,19936
1468,2015,door,ford,64495
1469,2018,mustang,ford,39477
1470,2019,max,ford,25698
1471,2015,door,ford,73849
1472,2019,expedition,ford,25422
1473,2015,door,ford,47866
1474,2019,max,ford,31236
1475,2019,expedition,ford,26755
1476,2018,f-150,ford,49177
1477,2019,max,ford,20749
1478,2018,f-150,ford,15003
1479,2019,f-150,ford,12247
1480,2018,f-150,ford,1
1481,2019,f-150,ford,10808
1482,2019,f-150,ford,11263
1483,2018,f-150,ford,42307
1484,2019,f-150,ford,17484
1485,2019,escape,ford,37106
1486,2019,f-150,ford,9539
1487,2019,f-150,ford,2384
1488,2019,fusion,ford,20590
1489,2019,f-150,ford,13896
1490,2019,f-150,ford,9451
1491,2017,fusion,ford,31657
1492,2019,expedition,ford,33907
1493,2019,f-150,ford,10028
1494,2013,door,ford,175640
1495,2019,max,ford,30770
1496,2019,f-150,ford,15141
1497,2019,f-150,ford,18431
1498,2019,f-150,ford,9604
1499,2019,f-150,ford,9516
1500,2019,f-150,ford,9718
1501,2019,f-150,ford,16506
1502,2015,door,ford,192108
1503,2019,f-150,ford,11028
1504,2019,f-150,ford,11313
1505,2014,door,ford,141595
1506,2019,f-150,ford,12886
1507,2019,f-150,ford,9556
1508,2019,f-150,ford,13269
1509,2019,f-150,ford,16770
1510,2019,f-150,ford,13526
1511,2019,transit,ford,16391
1512,2019,f-150,ford,11437
1513,2019,transit,ford,17964
1514,2018,f-150,ford,5440
1515,2019,f-150,ford,13035
1516,2019,transit,ford,15759
1517,2018,f-150,ford,30002
1518,2019,f-150,ford,13673
1519,2018,fusion,ford,24480
1520,2019,f-150,ford,13230
1521,2017,f-150,ford,137789
1522,2019,f-150,ford,13516
1523,2017,escape,ford,81660
1524,2019,f-150,ford,11763
1525,2017,explorer,ford,34165
1526,2019,f-150,ford,13458
1527,2016,door,ford,104867
1528,2019,f-150,ford,14004
1529,2016,door,ford,69829
1530,2019,f-150,ford,13405
1531,2016,door,ford,96151
1532,2019,f-150,ford,12688
1533,2016,door,ford,116519
1534,2019,f-150,ford,12260
1535,2016,door,ford,29367
1536,2019,f-150,ford,18982
1537,2019,f-150,ford,23795
1538,2016,door,ford,76572
1539,2019,f-150,ford,15964
1540,2019,f-150,ford,28117
1541,2016,door,ford,116730
1542,2019,f-150,ford,21055
1543,2019,f-150,ford,27794
1544,2016,edge,ford,56995
1545,2019,f-150,ford,16625
1546,2019,f-150,ford,27689
1547,2016,door,ford,39851
1548,2019,f-150,ford,31727
1549,2019,escape,ford,31586
1550,2015,door,ford,33717
1551,2019,f-150,ford,18418
1552,2019,fusion,ford,39013
1553,2013,f-150,ford,125451
1554,2019,f-150,ford,21346
1555,2019,transit,ford,21150
1556,2014,f-150,ford,103862
1557,2019,f-150,ford,22001
1558,2019,fusion,ford,31261
1559,2013,door,ford,140870
1560,2019,f-150,ford,14358
1561,2019,fusion,ford,41672
1562,2013,f-150,ford,95655
1563,2019,flex,ford,19493
1564,2019,fusion,ford,36956
1565,2017,door,ford,23223
1566,2019,fusion,ford,13085
1567,2018,explorer,ford,36124
1568,2019,flex,ford,19147
1569,2019,flex,ford,24993
1570,2018,f-150,ford,41127
1571,2019,fusion,ford,32365
1572,2019,fusion,ford,27774
1573,2015,door,ford,105027
1574,2019,fusion,ford,27806
1575,2015,door,ford,54198
1576,2019,fusion,ford,30181
1577,2013,door,ford,82670
1578,2019,fusion,ford,36305
1579,2019,srw,ford,10475
1580,2019,fusion,ford,34734
1581,2012,door,ford,186713
1582,2017,srw,ford,132150
1583,2019,taurus,ford,12928
1584,2015,door,ford,116539
1585,2018,drw,ford,59549
1586,2019,taurus,ford,12174
1587,2016,door,ford,96129
1588,2018,drw,ford,89809
1589,2019,taurus,ford,18202
1590,2015,door,ford,128505
1591,2017,drw,ford,43527
1592,2019,transit,ford,15792
1593,2019,f-150,ford,9278
1594,2017,drw,ford,41925
1595,2019,taurus,ford,16924
1596,2013,door,ford,119869
1597,2019,taurus,ford,17260
1598,2013,door,ford,89490
1599,2019,transit,ford,40772
1600,2019,transit,ford,25623
1601,2019,f-150,ford,11669
1602,2013,door,ford,138524
1603,2019,transit,ford,13644
1604,2016,door,ford,147935
1605,2015,doors,ford,44456
1606,2019,wagon,ford,20357
1607,2017,door,ford,66366
1608,2017,door,ford,43532
1609,2015,doors,ford,45218
1610,2017,door,ford,85688
1611,2016,door,ford,58902
1612,2015,doors,ford,59869
1613,2017,escape,ford,35021
1614,2012,door,ford,100264
1615,2015,door,ford,157057
1616,2012,door,ford,181316
1617,2019,wagon,ford,23222
1618,2016,door,ford,87686
1619,2014,door,ford,162918
1620,2017,door,ford,0
1621,2019,wagon,ford,32526
1622,2016,door,ford,69402
1623,2014,door,ford,76336
1624,2012,door,ford,163334
1625,2019,wagon,ford,47628
1626,2014,door,ford,135283
1627,2014,door,ford,147903
1628,2014,door,ford,74181
1629,2014,door,ford,77386
1630,2014,door,ford,123349
1631,2013,cutaway,ford,136661
1632,2013,door,ford,109600
1633,2014,door,ford,125369
1634,2013,door,ford,122861
1635,2016,door,ford,110826
1636,2019,f-150,ford,12198
1637,2019,door,ford,45512
1638,2019,f-150,ford,15656
1639,2020,fusion,ford,23984
1640,2019,f-150,ford,15821
1641,2020,mustang,ford,12748
1642,2019,expedition,ford,9865
1643,2020,fusion,ford,17858
1644,2019,f-150,ford,6711
1645,2019,expedition,ford,14939
1646,2019,transit,ford,15820
1647,2019,wagon,ford,6140
1648,2019,edge,ford,25552
1649,2016,focus,ford,54984
1650,2019,max,ford,24783
1651,2014,door,ford,148442
1652,2019,max,ford,34191
1653,2013,door,ford,82072
1654,2012,door,ford,104559
1655,2019,edge,ford,13265
1656,2013,door,ford,133314
1657,2019,edge,ford,22458
1658,2013,door,ford,70106
1659,2019,edge,ford,23712
1660,2012,door,ford,101848
1661,2019,ecosport,ford,14994
1662,2015,edge,ford,59726
1663,2019,escape,ford,16448
1664,2015,door,ford,28801
1665,2019,f-150,ford,28938
1666,2019,ecosport,ford,19022
1667,2014,door,ford,93832
1668,2019,f-150,ford,25046
1669,2019,edge,ford,22318
1670,2019,f-150,ford,17301
1671,2019,edge,ford,27413
1672,2019,explorer,ford,39733
1673,2013,door,ford,74195
1674,2019,explorer,ford,44383
1675,2019,flex,ford,19151
1676,2012,f-750,ford,188394
1677,2020,fusion,ford,2452
1678,2019,fusion,ford,36252
1679,2019,f-150,ford,27136
1680,2019,fusion,ford,35951
1681,2019,f-150,ford,35221
1682,2019,f-150,ford,33808
1683,2019,f-150,ford,32022
1684,2019,fusion,ford,34173
1685,2019,fusion,ford,24272
1686,2019,f-150,ford,19055
1687,2019,fusion,ford,34822
1688,2019,f-150,ford,15422
1689,2019,ecosport,ford,24765
1690,2019,wagon,ford,23019
1691,2019,max,ford,38243
1692,2019,ranger,ford,16509
1693,2019,edge,ford,18762
1694,2019,explorer,ford,28854
1695,2019,escape,ford,17392
1696,2019,mustang,ford,13558
1697,2019,edge,ford,27082
1698,2019,escape,ford,17510
1699,2019,ecosport,ford,24662
1700,2014,door,ford,96076
1701,2019,ecosport,ford,22858
1702,2020,explorer,ford,740
1703,2013,door,ford,110748
1704,2019,escape,ford,25090
1705,2020,escape,ford,7
1706,2019,max,ford,34277
1707,2019,srw,ford,34527
1708,2017,door,ford,99923
1709,2019,expedition,ford,39170
1710,2019,srw,ford,16569
1711,2015,door,ford,80612
1712,2019,max,ford,36616
1713,2015,door,ford,92165
1714,2019,escape,ford,44778
1715,2020,explorer,ford,2089
1716,2013,door,ford,91652
1717,2019,expedition,ford,35801
1718,2013,door,ford,88781
1719,2019,escape,ford,36978
1720,2012,door,ford,189776
1721,2019,max,ford,35233
1722,2012,door,ford,151641
1723,2019,escape,ford,37044
1724,2019,escape,ford,15835
1725,2012,cab,ford,201187
1726,2019,max,ford,41928
1727,2019,expedition,ford,37059
1728,2017,door,ford,33763
1729,2019,explorer,ford,29850
1730,2019,escape,ford,26675
1731,2019,f-150,ford,17828
1732,2019,escape,ford,29632
1733,2019,srw,ford,11544
1734,2019,f-150,ford,21976
1735,2019,max,ford,43617
1736,2019,escape,ford,49254
1737,2019,f-150,ford,51589
1738,2019,max,ford,41399
1739,2019,f-150,ford,11734
1740,2019,explorer,ford,41628
1741,2017,focus,ford,15075
1742,2019,f-150,ford,26591
1743,2019,f-150,ford,22906
1744,2019,f-150,ford,33462
1745,2017,f-150,ford,32747
1746,2019,f-150,ford,33717
1747,2017,door,ford,85218
1748,2019,f-150,ford,23512
1749,2017,door,ford,57853
1750,2019,mustang,ford,33324
1751,2016,door,ford,23803
1752,2019,mustang,ford,31260
1753,2016,edge,ford,69428
1754,2019,transit,ford,15755
1755,2016,door,ford,90946
1756,2019,wagon,ford,51370
1757,2016,door,ford,99941
1758,2019,transit,ford,15456
1759,2016,door,ford,141603
1760,2019,srw,ford,2382
1761,2016,van,ford,99544
1762,2019,srw,ford,21546
1763,2019,mustang,ford,16293
1764,2018,escape,ford,40375
1765,2013,door,ford,143191
1766,2018,fiesta,ford,363
1767,2015,edge,ford,59656
1768,2018,ecosport,ford,37878
1769,2019,edge,ford,20628
1770,2014,door,ford,71205
1771,2018,explorer,ford,26186
1772,2018,fusion,ford,38157
1773,2016,door,ford,30325
1774,2018,mustang,ford,31561
1775,2016,door,ford,66655
1776,2018,explorer,ford,19029
1777,2018,f-150,ford,11739
1778,2016,door,ford,50423
1779,2019,srw,ford,25638
1780,2017,door,ford,59798
1781,2019,drw,ford,5035
1782,2017,escape,ford,32284
1783,2016,door,ford,40371
1784,2017,escape,ford,107569
1785,2017,door,ford,96451
1786,2017,escape,ford,94851
1787,2017,door,ford,108727
1788,2017,f-150,ford,91979
1789,2017,explorer,ford,76258
1790,2014,door,ford,147574
1791,2013,door,ford,104764
1792,2019,max,ford,16934
1793,2019,transit,ford,13822
1794,2019,transit,ford,5250
1795,2019,escape,ford,33451
1796,2019,f-150,ford,14291
1797,2019,f-150,ford,16725
1798,2019,f-150,ford,13002
1799,2019,f-150,ford,18902
1800,2019,f-150,ford,9732
1801,2019,f-150,ford,18947
1802,2019,f-150,ford,8402
1803,2019,f-150,ford,17450
1804,2016,srw,ford,53986
1805,2019,f-150,ford,15848
1806,2019,f-150,ford,10770
1807,2019,f-150,ford,14587
1808,2016,door,ford,98625
1809,2019,f-150,ford,10916
1810,2014,door,ford,107173
1811,2019,fiesta,ford,10134
1812,2017,door,ford,43056
1813,2019,f-150,ford,10655
1814,2012,door,ford,173601
1815,2019,transit,ford,14231
1816,2019,transit,ford,8985
1817,2016,door,ford,84338
1818,2017,door,ford,104290
1819,2017,door,ford,45592
1820,2015,door,ford,103960
1821,2016,explorer,ford,110333
1822,2015,door,ford,138516
1823,2016,door,ford,49094
1824,2016,door,ford,97526
1825,2014,door,ford,87420
1826,2015,door,ford,67052
1827,2013,door,ford,58913
1828,2013,door,ford,999999
1829,2015,van,ford,14482
1830,2016,door,ford,57084
1831,2017,expedition,ford,90251
1832,2014,door,ford,97320
1833,2014,door,ford,80652
1834,2014,door,ford,99816
1835,2013,door,ford,115429
1836,2015,door,ford,85549
1837,2013,bus,ford,83030
1838,2014,door,ford,130168
1839,2013,door,ford,80090
1840,2013,door,ford,118593
1841,2014,door,ford,143704
1842,2015,door,ford,53507
1843,2013,door,ford,48408
1844,2013,door,ford,109672
1845,2019,edge,ford,28549
1846,2012,door,ford,114500
1847,2012,door,ford,67140
1848,2018,escape,ford,42168
1849,2015,cutaway,ford,80032
1850,2018,focus,ford,52240
1851,2019,max,ford,34874
1852,2014,door,ford,119689
1853,2019,max,ford,37355
1854,2016,door,ford,100947
1855,2019,escape,ford,26040
1856,2019,max,ford,36638
1857,2015,door,ford,137004
1858,2019,edge,ford,31794
1859,2015,door,ford,131106
1860,2019,expedition,ford,22013
1861,2017,door,ford,42291
1862,2019,escape,ford,13155
1863,2019,max,ford,24869
1864,2019,escape,ford,18454
1865,2016,d,ford,16694
1866,2019,explorer,ford,28922
1867,2019,edge,ford,23534
1868,2012,dr,ford,24581
1869,2019,max,ford,35646
1870,2012,cab,ford,129873
1871,2019,escape,ford,28669
1872,2017,explorer,ford,32454
1873,2019,explorer,ford,21800
1874,2014,cutaway,ford,231769
1875,2016,doors,ford,23796
1876,2019,max,ford,42506
1877,2016,doors,ford,6249
1878,2019,expedition,ford,47496
1879,2016,doors,ford,10700
1880,2019,expedition,ford,39604
1881,2013,cutaway,ford,250831
1882,2016,doors,ford,7275
1883,2019,edge,ford,8806
1884,2016,doors,ford,105115
1885,2015,door,ford,57340
1886,2019,max,ford,36167
1887,2016,doors,ford,44941
1888,2014,door,ford,53102
1889,2019,escape,ford,26637
1890,2016,doors,ford,45814
1891,2019,f-150,ford,17310
1892,2019,explorer,ford,24116
1893,2019,d,ford,14128
1894,2016,doors,ford,49882
1895,2019,fusion,ford,38964
1896,2012,door,ford,102705
1897,2019,f-150,ford,71
1898,2012,door,ford,98620
1899,2016,doors,ford,15825
1900,2019,max,ford,29499
1901,2014,door,ford,100255
1902,2019,f-150,ford,174
1903,2013,door,ford,167552
1904,2016,doors,ford,16956
1905,2019,fusion,ford,36896
1906,2013,door,ford,77281
1907,2019,f-150,ford,24795
1908,2016,doors,ford,16771
1909,2019,f-150,ford,28692
1910,2012,door,ford,113821
1911,2019,f-150,ford,19793
1912,2016,doors,ford,27940
1913,2019,flex,ford,24987
1914,2016,mustang,ford,18367
1915,2019,flex,ford,14109
1916,2012,door,ford,158781
1917,2016,doors,ford,27369
1918,2019,flex,ford,30208
1919,2019,explorer,ford,24024
1920,2016,door,ford,64999
1921,2019,f-150,ford,8404
1922,2018,focus,ford,8884
1923,2019,explorer,ford,24126
1924,2012,door,ford,129659
1925,2019,f-150,ford,31713
1926,2016,edge,ford,109996
1927,2018,doors,ford,6821
1928,2019,f-150,ford,17867
1929,2016,door,ford,110253
1930,2018,escape,ford,39364
1931,2018,doors,ford,4018
1932,2019,f-150,ford,21054
1933,2017,door,ford,48309
1934,2016,door,ford,68666
1935,2018,doors,ford,34071
1936,2019,f-150,ford,13600
1937,2017,door,ford,44956
1938,2016,door,ford,72607
1939,2018,doors,ford,33815
1940,2019,flex,ford,31491
1941,2018,f-150,ford,32149
1942,2016,hybrid,ford,26654
1943,2018,doors,ford,36637
1944,2019,f-150,ford,17000
1945,2018,f-150,ford,15960
1946,2016,door,ford,40774
1947,2018,doors,ford,40338
1948,2019,fusion,ford,40505
1949,2016,door,ford,30735
1950,2019,mustang,ford,33965
1951,2018,door,ford,7339
1952,2018,doors,ford,42470
1953,2019,fusion,ford,40670
1954,2016,door,ford,41233
1955,2019,wagon,ford,13162
1956,2018,fusion,ford,38744
1957,2018,doors,ford,14023
1958,2019,f-150,ford,9741
1959,2017,explorer,ford,31017
1960,2019,fusion,ford,37786
1961,2018,mustang,ford,32415
1962,2018,doors,ford,10421
1963,2019,wagon,ford,29305
1964,2017,explorer,ford,51309
1965,2019,fusion,ford,38001
1966,2018,escape,ford,18849
1967,2018,doors,ford,43269
1968,2019,fusion,ford,36989
1969,2017,door,ford,29320
1970,2019,hybrid,ford,34244
1971,2018,mustang,ford,32938
1972,2018,doors,ford,40793
1973,2017,door,ford,94741
1974,2019,mustang,ford,25011
1975,2014,door,ford,363810
1976,2018,doors,ford,6881
1977,2014,door,ford,80423
1978,2017,door,ford,92405
1979,2019,ranger,ford,15436
1980,2017,door,ford,104665
1981,2018,doors,ford,16194
1982,2014,door,ford,48188
1983,2017,focus,ford,65164
1984,2019,mustang,ford,35930
1985,2012,door,ford,167376
1986,2018,doors,ford,13674
1987,2019,srw,ford,9235
1988,2017,door,ford,103002
1989,2019,ranger,ford,12836
1990,2015,doors,ford,137728
1991,2018,doors,ford,6921
1992,2019,srw,ford,14359
1993,2017,wagon,ford,58118
1994,2019,fusion,ford,31124
1995,2015,doors,ford,25734
1996,2018,doors,ford,14059
1997,2019,srw,ford,13472
1998,2013,door,ford,123983
1999,2019,hybrid,ford,35023
2000,2015,doors,ford,39509
2001,2018,doors,ford,4512
2002,2015,doors,ford,51884
2003,2018,doors,ford,4181
2004,2015,doors,ford,56703
2005,2018,doors,ford,4712
2006,2015,doors,ford,102800
2007,2018,doors,ford,7109
2008,2016,door,ford,100943
2009,2015,doors,ford,3915
2010,2018,doors,ford,15550
2011,2015,doors,ford,62542
2012,2018,taurus,ford,38370
2013,2020,ranger,ford,671
2014,2016,door,ford,61477
2015,2015,doors,ford,73891
2016,2014,door,ford,168805
2017,2012,door,ford,82564
2018,2016,door,ford,85649
2019,2015,doors,ford,48374
2020,2012,door,ford,11990
2021,2016,door,ford,64111
2022,2015,doors,ford,28771
2023,2015,door,ford,126708
2024,2015,doors,ford,27165
2025,2015,van,ford,106546
2026,2015,doors,ford,54778
2027,2020,fusion,ford,11729
2028,2015,door,ford,85197
2029,2015,doors,ford,19130
2030,2015,expedition,ford,72369
2031,2015,doors,ford,59646
2032,2014,door,ford,68418
2033,2015,doors,ford,8400
2034,2015,doors,ford,45084
2035,2015,doors,ford,67037
2036,2015,doors,ford,64135
2037,2017,door,ford,72377
2038,2015,doors,ford,39367
2039,2015,doors,ford,46540
2040,2015,doors,ford,40677
2041,2015,doors,ford,69438
2042,2015,doors,ford,96246
2043,2015,doors,ford,69719
2044,2015,doors,ford,75933
2045,2015,doors,ford,54325
2046,2019,expedition,ford,24902
2047,2015,doors,ford,31793
2048,2019,max,ford,16505
2049,2015,doors,ford,74361
2050,2019,max,ford,27868
2051,2015,doors,ford,34011
2052,2019,escape,ford,19993
2053,2015,suv,ford,48115
2054,2019,max,ford,22543
2055,2015,doors,ford,67091
2056,2019,expedition,ford,28790
2057,2015,doors,ford,59391
2058,2019,max,ford,18449
2059,2015,doors,ford,71824
2060,2019,expedition,ford,19304
2061,2015,doors,ford,39159
2062,2019,flex,ford,18708
2063,2015,doors,ford,79430
2064,2019,flex,ford,12393
2065,2015,doors,ford,56329
2066,2019,f-150,ford,12155
2067,2014,door,ford,63291
2068,2015,doors,ford,36041
2069,2019,mustang,ford,25810
2070,2015,door,ford,130388
2071,2015,doors,ford,23878
2072,2019,transit,ford,15460
2073,2018,max,ford,46710
2074,2015,doors,ford,65342
2075,2015,doors,ford,64061
2076,2016,door,ford,93164
2077,2015,doors,ford,35629
2078,2015,connect,ford,118483
2079,2015,doors,ford,71573
2080,2017,door,ford,33660
2081,2015,doors,ford,61168
2082,2017,door,ford,42241
2083,2015,doors,ford,21004
2084,2017,door,ford,45003
2085,2015,doors,ford,45278
2086,2017,door,ford,1
2087,2018,edge,ford,24747
2088,2017,door,ford,48707
2089,2020,max,ford,2162
2090,2017,f-150,ford,50874
2091,2017,f-150,ford,70727
2092,2019,explorer,ford,29382
2093,2018,f-150,ford,33194
2094,2017,door,ford,52084
2095,2018,expedition,ford,51122
2096,2017,door,ford,40286
2097,2017,f-150,ford,55420
2098,2018,wagon,ford,10282
2099,2017,door,ford,85278
2100,2018,explorer,ford,7258
2101,2018,escape,ford,93350
2102,2019,explorer,ford,37166
2103,2018,f-150,ford,69480
2104,2016,door,ford,34679
2105,2018,f-150,ford,24151
2106,2019,explorer,ford,32796
2107,2016,door,ford,67979
2108,2018,f-150,ford,18690
2109,2012,door,ford,78072
2110,2016,door,ford,54251
2111,2018,f-150,ford,32262
2112,2015,f-650,ford,92358
2113,2015,door,ford,90740
2114,2018,f-150,ford,35225
2115,2015,f-650,ford,129063
2116,2018,wagon,ford,49985
2117,2015,escape,ford,52340
2118,2018,f-150,ford,21406
2119,2019,srw,ford,16619
2120,2015,door,ford,41293
2121,2018,f-150,ford,37053
2122,2018,f-150,ford,34532
2123,2017,taurus,ford,13328
2124,2018,f-150,ford,56836
2125,2016,door,ford,48080
2126,2018,f-150,ford,12271
2127,2014,expedition,ford,97318
2128,2018,f-150,ford,12717
2129,2019,mustang,ford,12764
2130,2018,f-150,ford,19951
2131,2019,explorer,ford,32458
2132,2018,f-150,ford,21616
2133,2019,escape,ford,17755
2134,2017,door,ford,73846
2135,2018,f-150,ford,15771
2136,2019,escape,ford,29168
2137,2017,door,ford,159182
2138,2018,f-150,ford,15296
2139,2019,explorer,ford,30476
2140,2016,door,ford,131754
2141,2018,f-150,ford,26095
2142,2018,f-150,ford,22107
2143,2019,ecosport,ford,31207
2144,2015,door,ford,112810
2145,2018,f-150,ford,19058
2146,2015,door,ford,109137
2147,2018,f-150,ford,24058
2148,2018,f-150,ford,6967
2149,2014,door,ford,118340
2150,2018,f-150,ford,36145
2151,2019,explorer,ford,33942
2152,2018,f-150,ford,38868
2153,2019,explorer,ford,36190
2154,2018,fiesta,ford,37177
2155,2019,explorer,ford,39267
2156,2018,f-150,ford,33350
2157,2017,focus,ford,57889
2158,2018,f-150,ford,34081
2159,2019,fiesta,ford,26821
2160,2018,f-150,ford,40577
2161,2019,fiesta,ford,52355
2162,2018,f-150,ford,30620
2163,2019,flex,ford,22019
2164,2018,f-150,ford,36742
2165,2019,fiesta,ford,32473
2166,2018,f-150,ford,43406
2167,2019,flex,ford,34696
2168,2018,f-150,ford,43519
2169,2019,hybrid,ford,37716
2170,2018,f-150,ford,41627
2171,2019,fiesta,ford,29986
2172,2018,f-150,ford,41496
2173,2019,flex,ford,20613
2174,2018,f-150,ford,33475
2175,2019,fiesta,ford,32305
2176,2018,fusion,ford,38148
2177,2019,flex,ford,39976
2178,2018,fusion,ford,50513
2179,2019,fusion,ford,31408
2180,2018,transit,ford,41351
2181,2019,fusion,ford,32038
2182,2018,transit,ford,38279
2183,2019,fusion,ford,30471
2184,2018,transit,ford,41569
2185,2019,fusion,ford,31142
2186,2018,wagon,ford,31598
2187,2019,fusion,ford,31380
2188,2018,wagon,ford,22179
2189,2019,fusion,ford,29266
2190,2018,transit,ford,42156
2191,2019,fusion,ford,30875
2192,2019,fusion,ford,30609
2193,2019,fusion,ford,29508
2194,2019,hybrid,ford,12837
2195,2019,fusion,ford,29633
2196,2019,fusion,ford,27461
2197,2018,f-650,ford,74961
2198,2019,fusion,ford,32154
2199,2018,srw,ford,37245
2200,2019,fusion,ford,29345
2201,2018,srw,ford,25371
2202,2019,fusion,ford,30054
2203,2018,srw,ford,11173
2204,2019,fusion,ford,30902
2205,2018,sentra,nissan,31231
2206,2020,altima,nissan,10728
2207,2018,sport,nissan,35374
2208,2018,sport,nissan,36715
2209,2018,sport,nissan,33437
2210,2018,sport,nissan,36788
2211,2018,sport,nissan,35491
2212,2018,sport,nissan,33644
2213,2018,sport,nissan,35831
2214,2018,sport,nissan,35050
2215,2018,sport,nissan,34924
2216,2018,sport,nissan,34962
2217,2018,sport,nissan,39985
2218,2018,sport,nissan,38816
2219,2018,sport,nissan,41579
2220,2018,sport,nissan,40455
2221,2018,sport,nissan,39996
2222,2018,sport,nissan,41077
2223,2018,sport,nissan,39183
2224,2018,sport,nissan,40478
2225,2018,sport,nissan,38806
2226,2018,sport,nissan,45331
2227,2018,sport,nissan,43531
2228,2018,sport,nissan,41033
2229,2018,sport,nissan,40332
2230,2019,frontier,nissan,22319
2231,2019,rogue,nissan,22305
2232,2019,maxima,nissan,36996
2233,2019,sentra,nissan,1
2234,2019,versa,nissan,27611
2235,2019,rogue,nissan,26516
2236,2019,rogue,nissan,31397
2237,2019,versa,nissan,18300
2238,2019,note,nissan,26743
2239,2019,versa,nissan,15832
2240,2019,sport,nissan,31939
2241,2019,sentra,nissan,31037
2242,2019,versa,nissan,22521
2243,2019,versa,nissan,31335
2244,2019,versa,nissan,28315
2245,2017,armada,nissan,83437
2246,2018,altima,nissan,42250
2247,2018,rogue,nissan,45732
2248,2018,pathfinder,nissan,49185
2249,2017,rogue,nissan,45826
2250,2017,door,nissan,36844
2251,2013,door,nissan,104343
2252,2018,pathfinder,nissan,34138
2253,2018,versa,nissan,34761
2254,2018,rogue,nissan,32656
2255,2018,versa,nissan,34837
2256,2019,altima,nissan,30099
2257,2018,sentra,nissan,37088
2258,2017,door,nissan,41729
2259,2017,titan,nissan,17195
2260,2018,sedan,nissan,43064
2261,2018,sedan,nissan,47510
2262,2018,sedan,nissan,52571
2263,2018,frontier,nissan,12129
2264,2017,sedan,nissan,62280
2265,2017,door,nissan,74859
2266,2017,door,nissan,59508
2267,2017,juke,nissan,58529
2268,2015,door,nissan,24396
2269,2020,armada,nissan,10317
2270,2017,door,nissan,37619
2271,2020,altima,nissan,15160
2272,2015,door,nissan,91898
2273,2017,pathfinder,nissan,31198
2274,2013,door,nissan,144015
2275,2017,titan,nissan,15621
2276,2018,versa,nissan,54815
2277,2016,door,nissan,53011
2278,2018,versa,nissan,56255
2279,2013,door,nissan,100225
2280,2017,sentra,nissan,54117
2281,2017,door,nissan,54119
2282,2012,door,nissan,162176
2283,2018,rogue,nissan,37655
2284,2015,door,nissan,101178
2285,2012,door,nissan,206142
2286,2018,sport,nissan,43187
2287,2013,door,nissan,105590
2288,2018,versa,nissan,53903
2289,2015,door,nissan,73382
2290,2018,versa,nissan,48977
2291,2016,door,nissan,77504
2292,2018,versa,nissan,50871
2293,2012,door,nissan,107734
2294,2018,versa,nissan,53098
2295,2012,door,nissan,159990
2296,2018,versa,nissan,51552
2297,2018,versa,nissan,54692
2298,2019,frontier,nissan,18611
2299,2018,versa,nissan,51654
2300,2019,frontier,nissan,24046
2301,2018,versa,nissan,65184
2302,2019,armada,nissan,37398
2303,2020,rogue,nissan,19597
2304,2019,rogue,nissan,34122
2305,2015,doors,nissan,43651
2306,2020,rogue,nissan,15387
2307,2020,cargo,nissan,264
2308,2016,door,nissan,58126
2309,2015,doors,nissan,62921
2310,2015,doors,nissan,43279
2311,2012,door,nissan,117844
2312,2015,doors,nissan,45043
2313,2016,murano,nissan,42837
2314,2018,sentra,nissan,42782
2315,2015,doors,nissan,24629
2316,2015,door,nissan,35902
2317,2015,doors,nissan,12840
2318,2015,doors,nissan,63933
2319,2012,door,nissan,100079
2320,2015,doors,nissan,37953
2321,2017,rogue,nissan,8677
2322,2020,rogue,nissan,11583
2323,2020,altima,nissan,14320
2324,2016,door,nissan,19723
2325,2018,armada,nissan,29554
2326,2018,maxima,nissan,39309
2327,2018,maxima,nissan,34951
2328,2018,sport,nissan,35870
2329,2018,altima,nissan,44423
2330,2012,xterra,nissan,92982
2331,2018,murano,nissan,36844
2332,2018,titan,nissan,33605
2333,2018,sport,nissan,28009
2334,2018,rogue,nissan,41366
2335,2016,door,nissan,98354
2336,2018,rogue,nissan,39598
2337,2020,rogue,nissan,21009
2338,2018,sentra,nissan,28880
2339,2018,sport,nissan,28626
2340,2020,rogue,nissan,14850
2341,2018,rogue,nissan,41096
2342,2020,rogue,nissan,12748
2343,2020,rogue,nissan,14531
2344,2020,rogue,nissan,15931
2345,2020,rogue,nissan,10875
2346,2019,frontier,nissan,31172
2347,2019,frontier,nissan,16248
2348,2019,frontier,nissan,18137
2349,2019,altima,nissan,25664
2350,2019,altima,nissan,31026
2351,2019,altima,nissan,41287
2352,2019,altima,nissan,43612
2353,2019,altima,nissan,29545
2354,2019,frontier,nissan,24303
2355,2019,altima,nissan,29661
2356,2019,frontier,nissan,18857
2357,2019,frontier,nissan,14470
2358,2019,altima,nissan,42364
2359,2019,altima,nissan,37108
2360,2019,altima,nissan,26432
2361,2019,rogue,nissan,24174
2362,2019,sport,nissan,30756
2363,2019,rogue,nissan,32473
2364,2019,sport,nissan,22947
2365,2018,murano,nissan,17127
2366,2019,kicks,nissan,20793
2367,2019,pathfinder,nissan,32519
2368,2019,sentra,nissan,26930
2369,2019,sentra,nissan,40839
2370,2018,rogue,nissan,44732
2371,2019,rogue,nissan,19292
2372,2019,sport,nissan,24155
2373,2019,sentra,nissan,33369
2374,2017,rogue,nissan,28918
2375,2019,rogue,nissan,21623
2376,2017,xd,nissan,16224
2377,2019,sport,nissan,26406
2378,2017,rogue,nissan,27790
2379,2019,rogue,nissan,19182
2380,2017,sentra,nissan,11837
2381,2019,pathfinder,nissan,21774
2382,2017,door,nissan,17738
2383,2019,sport,nissan,27206
2384,2019,rogue,nissan,20508
2385,2019,sport,nissan,24987
2386,2019,pathfinder,nissan,21273
2387,2019,pathfinder,nissan,23863
2388,2016,rogue,nissan,31566
2389,2019,sentra,nissan,25261
2390,2019,pathfinder,nissan,20628
2391,2017,door,nissan,48765
2392,2019,rogue,nissan,30645
2393,2017,door,nissan,60158
2394,2019,versa,nissan,39985
2395,2018,sentra,nissan,39208
2396,2018,sentra,nissan,45080
2397,2018,sport,nissan,39247
2398,2018,sentra,nissan,46382
2399,2018,sentra,nissan,39893
2400,2018,sentra,nissan,41203
2401,2018,sentra,nissan,40648
2402,2018,murano,nissan,31551
2403,2018,sentra,nissan,38761
2404,2018,sentra,nissan,42838
2405,2018,versa,nissan,41557
2406,2018,sentra,nissan,41136
2407,2018,sentra,nissan,41141
2408,2016,door,nissan,115716
2409,2018,versa,nissan,52260
2410,2016,rogue,nissan,22041
2411,2012,door,nissan,161836
2412,2012,door,nissan,83720
2413,2016,rogue,nissan,37605
2414,2016,rogue,nissan,63738
2415,2013,door,nissan,155704
2416,2012,door,nissan,234792
2417,2018,pathfinder,nissan,24143
2418,2017,door,nissan,1
2419,2015,door,nissan,132655
2420,2017,rogue,nissan,28079
2421,2015,door,nissan,74906
2422,2017,door,nissan,53155
2423,2017,titan,nissan,94258
2424,2014,door,nissan,65620
2425,2012,door,nissan,92878
2426,2017,pathfinder,nissan,25918
2427,2018,rogue,nissan,37830
2428,2018,frontier,nissan,13875
2429,2018,frontier,nissan,6024
2430,2016,door,nissan,76789
2431,2018,sport,nissan,30409
2432,2018,sport,nissan,44864
2433,2019,pathfinder,nissan,42397
2434,2018,sentra,nissan,16778
2435,2015,door,nissan,99767
2436,2019,rogue,nissan,34692
2437,2019,rogue,nissan,30721
2438,2017,door,nissan,53376
2439,2016,nvp,nissan,21282
2440,2015,door,nissan,81699
2441,2018,door,nissan,33048
2442,2018,sentra,nissan,10372
2443,2018,pathfinder,nissan,8889
2444,2017,sentra,nissan,127780
2445,2016,murano,nissan,59640
2446,2015,door,nissan,83975
2447,2016,rogue,nissan,46178
2448,2018,altima,nissan,34460
2449,2018,pathfinder,nissan,30594
2450,2018,pathfinder,nissan,39817
2451,2018,pathfinder,nissan,40419
2452,2018,rogue,nissan,35493
2453,2018,rogue,nissan,37073
2454,2013,door,nissan,98384
2455,2018,pathfinder,nissan,34640
2456,2018,rogue,nissan,38760
2457,2018,pathfinder,nissan,34841
2458,2018,rogue,nissan,35065
2459,2018,altima,nissan,37741
2460,2018,altima,nissan,27488
2461,2018,pathfinder,nissan,37452
2462,2018,rogue,nissan,39797
2463,2018,pathfinder,nissan,36714
2464,2018,rogue,nissan,36207
2465,2018,rogue,nissan,38563
2466,2018,rogue,nissan,39885
2467,2018,altima,nissan,41852
2468,2018,pathfinder,nissan,39454
2469,2018,pathfinder,nissan,40203
2470,2018,rogue,nissan,34547
2471,2015,door,nissan,75858
2472,2019,pathfinder,nissan,31123
2473,2018,versa,nissan,33808
2474,2019,titan,nissan,30599
2475,2018,versa,nissan,33931
2476,2019,sentra,nissan,40359
2477,2018,rogue,nissan,44313
2478,2018,versa,nissan,33078
2479,2019,frontier,nissan,24320
2480,2018,rogue,nissan,42502
2481,2019,altima,nissan,33497
2482,2018,versa,nissan,39577
2483,2019,altima,nissan,36974
2484,2018,versa,nissan,41220
2485,2019,frontier,nissan,1
2486,2018,rogue,nissan,41539
2487,2019,sentra,nissan,19646
2488,2018,rogue,nissan,39924
2489,2019,note,nissan,33279
2490,2018,rogue,nissan,40259
2491,2019,sentra,nissan,25264
2492,2018,versa,nissan,35677
2493,2019,versa,nissan,35511
2494,2018,versa,nissan,33027
2495,2019,versa,nissan,23609
2496,2018,versa,nissan,34553
2497,2018,versa,nissan,31594
2498,2018,versa,nissan,32557
2499,2018,versa,nissan,31371
